### Quiz:

**OUTPUT**:

```sql

MariaDB [csb]> create table student1011(roll_no int primary key, n
ame varchar(25) not null, class varchar(10) not null, section varchar(2) not null, address varchar(32), contact bigint, dob date);
Query OK, 0 rows affected (0.120 sec)



MariaDB [csb]> describe student1011;
+---------+-------------+------+-----+---------+-------+
| Field   | Type        | Null | Key | Default | Extra |
+---------+-------------+------+-----+---------+-------+
| roll_no | int(11)     | NO   | PRI | NULL    |       |
| name    | varchar(25) | NO   |     | NULL    |       |
| class   | varchar(10) | NO   |     | NULL    |       |
| section | varchar(2)  | NO   |     | NULL    |       |
| address | varchar(32) | YES  |     | NULL    |       |
| contact | bigint(20)  | YES  |     | NULL    |       |
| dob     | date        | YES  |     | NULL    |       |
+---------+-------------+------+-----+---------+-------+
7 rows in set (0.002 sec)




MariaDB [csb]> select * from student1011;
+---------+--------------+-------+---------+-----------+------------+------------+
| roll_no | name         | class | section | address   | contact    | dob        |
+---------+--------------+-------+---------+-----------+------------+------------+
|       1 | Mukesh Singh | IT    | B       | Allahabad | 2349239821 | 1998-10-11 |
|       2 | RamDas       | CS    | A       | Allahabad | 2930483498 | 2000-01-31 |
|       3 | Mahesh       | CS    | B       | Allahabad | 2930842093 | 1999-05-20 |
+---------+--------------+-------+---------+-----------+------------+------------+
3 rows in set (0.001 sec)




MariaDB [csb]> select *, date_format(from_days(datediff(now(), dob)), '%Y')+0 as age from student1011;
+---------+--------------+-------+---------+-----------+------------+------------+------+
| roll_no | name         | class | section | address   | contact    | dob        | age  |
+---------+--------------+-------+---------+-----------+------------+------------+------+
|       1 | Mukesh Singh | IT    | B       | Allahabad | 2349239821 | 1998-10-11 |   22 |
|       2 | RamDas       | CS    | A       | Allahabad | 2930483498 | 2000-01-31 |   20 |
|       3 | Mahesh       | CS    | B       | Allahabad | 2930842093 | 1999-05-20 |   21 |
+---------+--------------+-------+---------+-----------+------------+------------+------+
3 rows in set (0.001 sec)



MariaDB [csb]> select *, date_format(from_days(datediff('2020-01-01', dob)), '%Y')+0 as age from student1011;
+---------+--------------+-------+---------+-----------+------------+------------+------+
| roll_no | name         | class | section | address   | contact    | dob        | age  |
+---------+--------------+-------+---------+-----------+------------+------------+------+
|       1 | Mukesh Singh | IT    | B       | Allahabad | 2349239821 | 1998-10-11 |   21 |
|       2 | RamDas       | CS    | A       | Allahabad | 2930483498 | 2000-01-31 |   19 |
|       3 | Mahesh       | CS    | B       | Allahabad | 2930842093 | 1999-05-20 |   20 |
+---------+--------------+-------+---------+-----------+------------+------------+------+
3 rows in set (0.001 sec)



MariaDB [csb]> select roll_no, name, class, section, address, contact, date_format(from_days(datediff('2020-01-01', dob)), '%Y')+0 as
 age from student1011;
+---------+--------------+-------+---------+-----------+------------+------+
| roll_no | name         | class | section | address   | contact    | age  |
+---------+--------------+-------+---------+-----------+------------+------+
|       1 | Mukesh Singh | IT    | B       | Allahabad | 2349239821 |   21 |
|       2 | RamDas       | CS    | A       | Allahabad | 2930483498 |   19 |
|       3 | Mahesh       | CS    | B       | Allahabad | 2930842093 |   20 |
+---------+--------------+-------+---------+-----------+------------+------+
3 rows in set (0.001 sec)
```

